id;mobile_no;dob;house_no;street;city;state;country;pincode
1;Networked Sleek Metal Table Small;2020-09-13;red;Jarrell Turnpike;DEHRADUN;UTTARPRADESH;AUSTRALIA;20306
2;Brand;2020-09-13;Chilean Peso Unidades de fomento;Lindsey Trail;DELHI;MADHYAPRADESH;USA;21844
3;e-business;2020-09-12;projection Fresh;Ullrich Island;DEHRADUN;UTTARPRADESH;INDIA;695
4;Borders;2020-09-13;magenta Concrete;Weissnat Hill;TEHRI;UTTRAKHAND;AUSTRALIA;25391
5;Exclusive Moroccan Dirham card;2020-09-13;Supervisor;Weston Freeway;LONI;UTTRAKHAND;USA;63435
6;Canadian Dollar;2020-09-13;Way Dominican Republic;Armando Pike;LONI;UTTRAKHAND;INDIA;47030
7;Orchestrator deliver;2020-09-12;optical;Lakin Curve;DELHI;MADHYAPRADESH;INDIA;51209
8;Future-proofed deposit Sausages;2020-09-13;synthesize Creative;Evan Crest;LONI;UTTRAKHAND;AUSTRALIA;81722
9;Macao Equatorial Guinea Vision-oriented;2020-09-13;Customer Human deposit;Heidenreich Hills;DELHI;MADHYAPRADESH;INDIA;8413
10;Cheese Dynamic Home Loan Account;2020-09-13;Unbranded invoice;Crooks Avenue;TEHRI;MADHYAPRADESH;INDIA;23724
